overhead,capacity_per_qpu,cut_cost
1.0,13,21
1.1,14,18
1.2000000000000002,16,23
1.3000000000000003,17,25
1.4000000000000004,18,22
1.5000000000000004,19,18
1.6000000000000005,21,24
1.7000000000000006,22,19
1.8000000000000007,23,12
1.9000000000000008,24,12
2.000000000000001,26,3
