slack,n,feasible,cap_violation_rate,kh_run_rate,kh_violation_rate,kh_violation_mag_mean
0,35,1.0,0.0,1.0,0.8285714285714286,1.8857142857142857
1,10,1.0,0.0,1.0,1.0,2.2
2,45,1.0,0.0,1.0,0.4888888888888889,0.7333333333333333
3,10,1.0,0.0,1.0,0.4,0.4
4,70,1.0,0.0,1.0,0.7,1.4285714285714286
5,5,1.0,0.0,1.0,0.4,0.6
6,5,1.0,0.0,1.0,0.0,0.0
8,35,1.0,0.0,1.0,0.2571428571428571,0.45714285714285713
9,5,1.0,0.0,1.0,0.0,0.0
10,5,1.0,0.0,1.0,0.0,0.0
